{
  "Add Employee" : {
    "transaction" : "Add Employee",
    "sampleCount" : 500,
    "errorCount" : 240,
    "errorPct" : 48.0,
    "meanResTime" : 75294.86800000003,
    "medianResTime" : 100059.0,
    "minResTime" : 0.0,
    "maxResTime" : 198084.0,
    "pct1ResTime" : 176744.80000000002,
    "pct2ResTime" : 190347.8,
    "pct3ResTime" : 195791.81,
    "throughput" : 2.506479248858299,
    "receivedKBytesPerSec" : 9.747066283530426,
    "sentKBytesPerSec" : 0.42109830474276
  },
  "Total" : {
    "transaction" : "Total",
    "sampleCount" : 1114,
    "errorCount" : 287,
    "errorPct" : 25.763016,
    "meanResTime" : 67466.98294434475,
    "medianResTime" : 70712.0,
    "minResTime" : 0.0,
    "maxResTime" : 198084.0,
    "pct1ResTime" : 148225.5,
    "pct2ResTime" : 174638.75,
    "pct3ResTime" : 194154.19999999998,
    "throughput" : 5.58443576645629,
    "receivedKBytesPerSec" : 17.010187154105864,
    "sentKBytesPerSec" : 0.84219660948552
  },
  "Add Employee-1" : {
    "transaction" : "Add Employee-1",
    "sampleCount" : 307,
    "errorCount" : 47,
    "errorPct" : 15.309446,
    "meanResTime" : 73075.03583061894,
    "medianResTime" : 78275.0,
    "minResTime" : 0.0,
    "maxResTime" : 127601.0,
    "pct1ResTime" : 105471.0,
    "pct2ResTime" : 111702.19999999995,
    "pct3ResTime" : 126873.12,
    "throughput" : 1.5549185060626627,
    "receivedKBytesPerSec" : 5.921612694554747,
    "sentKBytesPerSec" : 0.19161474108327678
  },
  "Add Employee-0" : {
    "transaction" : "Add Employee-0",
    "sampleCount" : 307,
    "errorCount" : 0,
    "errorPct" : 0.0,
    "meanResTime" : 49109.93159609118,
    "medianResTime" : 51427.0,
    "minResTime" : 1945.0,
    "maxResTime" : 106067.0,
    "pct1ResTime" : 91772.0,
    "pct2ResTime" : 95659.39999999998,
    "pct3ResTime" : 102021.12000000001,
    "throughput" : 2.8816009311231676,
    "receivedKBytesPerSec" : 2.6255211608768705,
    "sentKBytesPerSec" : 0.4333657650321951
  }
}