{
  "Dashboard-0" : {
    "transaction" : "Dashboard-0",
    "sampleCount" : 433,
    "errorCount" : 0,
    "errorPct" : 0.0,
    "meanResTime" : 52148.41570438799,
    "medianResTime" : 51174.0,
    "minResTime" : 1952.0,
    "maxResTime" : 105181.0,
    "pct1ResTime" : 91732.0,
    "pct2ResTime" : 96691.3,
    "pct3ResTime" : 100205.15999999997,
    "throughput" : 4.080901756766946,
    "receivedKBytesPerSec" : 3.7182434951792582,
    "sentKBytesPerSec" : 0.6137293657637789
  },
  "Total" : {
    "transaction" : "Total",
    "sampleCount" : 1366,
    "errorCount" : 161,
    "errorPct" : 11.786237,
    "meanResTime" : 83913.38140556378,
    "medianResTime" : 84044.5,
    "minResTime" : 0.0,
    "maxResTime" : 199929.0,
    "pct1ResTime" : 161817.09999999998,
    "pct2ResTime" : 178443.09999999995,
    "pct3ResTime" : 195362.71999999997,
    "throughput" : 6.826757290287114,
    "receivedKBytesPerSec" : 21.45467719239611,
    "sentKBytesPerSec" : 1.2122757315275243
  },
  "Dashboard" : {
    "transaction" : "Dashboard",
    "sampleCount" : 500,
    "errorCount" : 114,
    "errorPct" : 22.8,
    "meanResTime" : 114798.02999999993,
    "medianResTime" : 131028.0,
    "minResTime" : 1.0,
    "maxResTime" : 199929.0,
    "pct1ResTime" : 186857.7,
    "pct2ResTime" : 191491.95,
    "pct3ResTime" : 197881.05,
    "throughput" : 2.4988130637946977,
    "receivedKBytesPerSec" : 11.157171046877734,
    "sentKBytesPerSec" : 0.6061378657637622
  },
  "Dashboard-1" : {
    "transaction" : "Dashboard-1",
    "sampleCount" : 433,
    "errorCount" : 47,
    "errorPct" : 10.854504,
    "meanResTime" : 80014.78060046196,
    "medianResTime" : 82063.0,
    "minResTime" : 0.0,
    "maxResTime" : 127598.0,
    "pct1ResTime" : 108283.8,
    "pct2ResTime" : 120239.79999999999,
    "pct3ResTime" : 125517.56,
    "throughput" : 2.1863497048680367,
    "receivedKBytesPerSec" : 8.411937491479295,
    "sentKBytesPerSec" : 0.2835994265250168
  }
}