{
  "Total" : {
    "transaction" : "Total",
    "sampleCount" : 500,
    "errorCount" : 500,
    "errorPct" : 100.0,
    "meanResTime" : 17.592000000000002,
    "medianResTime" : 8.0,
    "minResTime" : 0.0,
    "maxResTime" : 58.0,
    "pct1ResTime" : 47.0,
    "pct2ResTime" : 50.0,
    "pct3ResTime" : 52.99000000000001,
    "throughput" : 253.5496957403651,
    "receivedKBytesPerSec" : 650.9591309584179,
    "sentKBytesPerSec" : 0.0
  },
  "Candidate Data" : {
    "transaction" : "Candidate Data",
    "sampleCount" : 500,
    "errorCount" : 500,
    "errorPct" : 100.0,
    "meanResTime" : 17.592000000000002,
    "medianResTime" : 8.0,
    "minResTime" : 0.0,
    "maxResTime" : 58.0,
    "pct1ResTime" : 47.0,
    "pct2ResTime" : 50.0,
    "pct3ResTime" : 52.99000000000001,
    "throughput" : 253.5496957403651,
    "receivedKBytesPerSec" : 650.9591309584179,
    "sentKBytesPerSec" : 0.0
  }
}