{
  "Add Employee" : {
    "transaction" : "Add Employee",
    "sampleCount" : 1000,
    "errorCount" : 480,
    "errorPct" : 48.0,
    "meanResTime" : 75294.86800000006,
    "medianResTime" : 100059.0,
    "minResTime" : 0.0,
    "maxResTime" : 198084.0,
    "pct1ResTime" : 176744.8,
    "pct2ResTime" : 190347.8,
    "pct3ResTime" : 195791.81,
    "throughput" : 5.012958497716598,
    "receivedKBytesPerSec" : 19.494132567060852,
    "sentKBytesPerSec" : 0.84219660948552
  },
  "Dashboard" : {
    "transaction" : "Dashboard",
    "sampleCount" : 1000,
    "errorCount" : 228,
    "errorPct" : 22.8,
    "meanResTime" : 114798.03000000006,
    "medianResTime" : 131028.0,
    "minResTime" : 1.0,
    "maxResTime" : 199929.0,
    "pct1ResTime" : 186857.69999999998,
    "pct2ResTime" : 191491.95,
    "pct3ResTime" : 197881.05,
    "throughput" : 4.997626127589395,
    "receivedKBytesPerSec" : 22.314342093755467,
    "sentKBytesPerSec" : 1.2122757315275243
  },
  "View Buzz" : {
    "transaction" : "View Buzz",
    "sampleCount" : 1000,
    "errorCount" : 1000,
    "errorPct" : 100.0,
    "meanResTime" : 19.787999999999993,
    "medianResTime" : 7.0,
    "minResTime" : 0.0,
    "maxResTime" : 1305.0,
    "pct1ResTime" : 47.0,
    "pct2ResTime" : 50.0,
    "pct3ResTime" : 54.0,
    "throughput" : 502.76520864756156,
    "receivedKBytesPerSec" : 1290.7907554047258,
    "sentKBytesPerSec" : 0.0
  },
  "Dashboard-0" : {
    "transaction" : "Dashboard-0",
    "sampleCount" : 866,
    "errorCount" : 0,
    "errorPct" : 0.0,
    "meanResTime" : 52148.41570438798,
    "medianResTime" : 51174.0,
    "minResTime" : 1952.0,
    "maxResTime" : 105181.0,
    "pct1ResTime" : 91730.5,
    "pct2ResTime" : 96679.0,
    "pct3ResTime" : 100015.08000000002,
    "throughput" : 8.161803513533892,
    "receivedKBytesPerSec" : 7.4364869903585165,
    "sentKBytesPerSec" : 1.2274587315275578
  },
  "View Employee List" : {
    "transaction" : "View Employee List",
    "sampleCount" : 1000,
    "errorCount" : 1000,
    "errorPct" : 100.0,
    "meanResTime" : 28.700000000000024,
    "medianResTime" : 32.0,
    "minResTime" : 0.0,
    "maxResTime" : 1188.0,
    "pct1ResTime" : 43.0,
    "pct2ResTime" : 46.0,
    "pct3ResTime" : 50.99000000000001,
    "throughput" : 219.10604732690624,
    "receivedKBytesPerSec" : 562.5291000219106,
    "sentKBytesPerSec" : 0.0
  },
  "Total" : {
    "transaction" : "Total",
    "sampleCount" : 10664,
    "errorCount" : 4216,
    "errorPct" : 39.534885,
    "meanResTime" : 56720.09471117801,
    "medianResTime" : 47438.5,
    "minResTime" : 0.0,
    "maxResTime" : 199929.0,
    "pct1ResTime" : 140655.0,
    "pct2ResTime" : 170310.0,
    "pct3ResTime" : 193535.05000000013,
    "throughput" : 53.29468502461331,
    "receivedKBytesPerSec" : 157.80162625877708,
    "sentKBytesPerSec" : 6.54847150728404
  },
  "View System User-1" : {
    "transaction" : "View System User-1",
    "sampleCount" : 852,
    "errorCount" : 86,
    "errorPct" : 10.093897,
    "meanResTime" : 80926.4718309859,
    "medianResTime" : 82574.0,
    "minResTime" : 1.0,
    "maxResTime" : 127192.0,
    "pct1ResTime" : 108911.0,
    "pct2ResTime" : 117481.49999999997,
    "pct3ResTime" : 126839.07,
    "throughput" : 4.316634241245136,
    "receivedKBytesPerSec" : 16.638779300041545,
    "sentKBytesPerSec" : 0.564703836206023
  },
  "View System User-0" : {
    "transaction" : "View System User-0",
    "sampleCount" : 852,
    "errorCount" : 0,
    "errorPct" : 0.0,
    "meanResTime" : 51006.64553990607,
    "medianResTime" : 48800.5,
    "minResTime" : 1947.0,
    "maxResTime" : 105326.0,
    "pct1ResTime" : 91895.0,
    "pct2ResTime" : 95938.69999999998,
    "pct3ResTime" : 104848.13000000002,
    "throughput" : 7.995570529002712,
    "receivedKBytesPerSec" : 7.285026663632354,
    "sentKBytesPerSec" : 1.2493078951566738
  },
  "Dashboard-1" : {
    "transaction" : "Dashboard-1",
    "sampleCount" : 866,
    "errorCount" : 94,
    "errorPct" : 10.854504,
    "meanResTime" : 80014.78060046189,
    "medianResTime" : 82063.0,
    "minResTime" : 0.0,
    "maxResTime" : 127598.0,
    "pct1ResTime" : 108258.90000000001,
    "pct2ResTime" : 120166.0,
    "pct3ResTime" : 125512.28,
    "throughput" : 4.372699409736073,
    "receivedKBytesPerSec" : 16.82387498295859,
    "sentKBytesPerSec" : 0.5671988530500336
  },
  "View System User" : {
    "transaction" : "View System User",
    "sampleCount" : 1000,
    "errorCount" : 234,
    "errorPct" : 23.4,
    "meanResTime" : 112822.19800000005,
    "medianResTime" : 131475.5,
    "minResTime" : 1.0,
    "maxResTime" : 198534.0,
    "pct1ResTime" : 183083.8,
    "pct2ResTime" : 192882.8,
    "pct3ResTime" : 197980.99,
    "throughput" : 5.014517026792564,
    "receivedKBytesPerSec" : 22.266228309079786,
    "sentKBytesPerSec" : 1.226470554129204
  },
  "Add Employee-1" : {
    "transaction" : "Add Employee-1",
    "sampleCount" : 614,
    "errorCount" : 94,
    "errorPct" : 15.309446,
    "meanResTime" : 73075.03583061894,
    "medianResTime" : 78275.0,
    "minResTime" : 0.0,
    "maxResTime" : 127601.0,
    "pct1ResTime" : 105447.0,
    "pct2ResTime" : 111297.25,
    "pct3ResTime" : 126870.6,
    "throughput" : 3.1098370121253254,
    "receivedKBytesPerSec" : 11.843225389109493,
    "sentKBytesPerSec" : 0.38322948216655356
  },
  "Add Employee-0" : {
    "transaction" : "Add Employee-0",
    "sampleCount" : 614,
    "errorCount" : 0,
    "errorPct" : 0.0,
    "meanResTime" : 49109.93159609128,
    "medianResTime" : 51427.0,
    "minResTime" : 1945.0,
    "maxResTime" : 106067.0,
    "pct1ResTime" : 91766.0,
    "pct2ResTime" : 95472.5,
    "pct3ResTime" : 101985.35,
    "throughput" : 5.763201862246335,
    "receivedKBytesPerSec" : 5.251042321753741,
    "sentKBytesPerSec" : 0.8667315300643902
  },
  "Candidate Data" : {
    "transaction" : "Candidate Data",
    "sampleCount" : 1000,
    "errorCount" : 1000,
    "errorPct" : 100.0,
    "meanResTime" : 17.59200000000003,
    "medianResTime" : 8.0,
    "minResTime" : 0.0,
    "maxResTime" : 58.0,
    "pct1ResTime" : 47.0,
    "pct2ResTime" : 50.0,
    "pct3ResTime" : 52.99000000000001,
    "throughput" : 507.0993914807302,
    "receivedKBytesPerSec" : 1301.9182619168357,
    "sentKBytesPerSec" : 0.0
  }
}