{
  "Total" : {
    "transaction" : "Total",
    "sampleCount" : 500,
    "errorCount" : 500,
    "errorPct" : 100.0,
    "meanResTime" : 19.787999999999993,
    "medianResTime" : 7.0,
    "minResTime" : 0.0,
    "maxResTime" : 1305.0,
    "pct1ResTime" : 47.0,
    "pct2ResTime" : 50.0,
    "pct3ResTime" : 54.0,
    "throughput" : 251.38260432378078,
    "receivedKBytesPerSec" : 645.3953777023629,
    "sentKBytesPerSec" : 0.0
  },
  "View Buzz" : {
    "transaction" : "View Buzz",
    "sampleCount" : 500,
    "errorCount" : 500,
    "errorPct" : 100.0,
    "meanResTime" : 19.787999999999993,
    "medianResTime" : 7.0,
    "minResTime" : 0.0,
    "maxResTime" : 1305.0,
    "pct1ResTime" : 47.0,
    "pct2ResTime" : 50.0,
    "pct3ResTime" : 54.0,
    "throughput" : 251.38260432378078,
    "receivedKBytesPerSec" : 645.3953777023629,
    "sentKBytesPerSec" : 0.0
  }
}