{
  "View Employee List" : {
    "transaction" : "View Employee List",
    "sampleCount" : 500,
    "errorCount" : 500,
    "errorPct" : 100.0,
    "meanResTime" : 28.699999999999996,
    "medianResTime" : 32.0,
    "minResTime" : 0.0,
    "maxResTime" : 1188.0,
    "pct1ResTime" : 43.0,
    "pct2ResTime" : 46.0,
    "pct3ResTime" : 50.99000000000001,
    "throughput" : 109.55302366345312,
    "receivedKBytesPerSec" : 281.2645500109553,
    "sentKBytesPerSec" : 0.0
  },
  "Total" : {
    "transaction" : "Total",
    "sampleCount" : 500,
    "errorCount" : 500,
    "errorPct" : 100.0,
    "meanResTime" : 28.699999999999996,
    "medianResTime" : 32.0,
    "minResTime" : 0.0,
    "maxResTime" : 1188.0,
    "pct1ResTime" : 43.0,
    "pct2ResTime" : 46.0,
    "pct3ResTime" : 50.99000000000001,
    "throughput" : 109.55302366345312,
    "receivedKBytesPerSec" : 281.2645500109553,
    "sentKBytesPerSec" : 0.0
  }
}