{
  "Total" : {
    "transaction" : "Total",
    "sampleCount" : 1352,
    "errorCount" : 160,
    "errorPct" : 11.834319,
    "meanResTime" : 83294.82766272192,
    "medianResTime" : 83007.0,
    "minResTime" : 1.0,
    "maxResTime" : 198534.0,
    "pct1ResTime" : 156841.20000000004,
    "pct2ResTime" : 180105.99999999997,
    "pct3ResTime" : 195496.9,
    "throughput" : 6.779627020223548,
    "receivedKBytesPerSec" : 21.313538631839176,
    "sentKBytesPerSec" : 1.226470554129204
  },
  "View System User-1" : {
    "transaction" : "View System User-1",
    "sampleCount" : 426,
    "errorCount" : 43,
    "errorPct" : 10.093897,
    "meanResTime" : 80926.47183098599,
    "medianResTime" : 82574.0,
    "minResTime" : 1.0,
    "maxResTime" : 127192.0,
    "pct1ResTime" : 108946.4,
    "pct2ResTime" : 117574.5,
    "pct3ResTime" : 126860.13,
    "throughput" : 2.158317120622568,
    "receivedKBytesPerSec" : 8.319389650020772,
    "sentKBytesPerSec" : 0.2823519181030115
  },
  "View System User-0" : {
    "transaction" : "View System User-0",
    "sampleCount" : 426,
    "errorCount" : 0,
    "errorPct" : 0.0,
    "meanResTime" : 51006.645539906116,
    "medianResTime" : 48800.5,
    "minResTime" : 1947.0,
    "maxResTime" : 105326.0,
    "pct1ResTime" : 91986.2,
    "pct2ResTime" : 96017.29999999999,
    "pct3ResTime" : 105024.67000000001,
    "throughput" : 3.997785264501356,
    "receivedKBytesPerSec" : 3.642513331816177,
    "sentKBytesPerSec" : 0.6246539475783369
  },
  "View System User" : {
    "transaction" : "View System User",
    "sampleCount" : 500,
    "errorCount" : 117,
    "errorPct" : 23.4,
    "meanResTime" : 112822.19800000003,
    "medianResTime" : 131475.5,
    "minResTime" : 1.0,
    "maxResTime" : 198534.0,
    "pct1ResTime" : 183083.80000000002,
    "pct2ResTime" : 192882.8,
    "pct3ResTime" : 197980.99,
    "throughput" : 2.507258513396282,
    "receivedKBytesPerSec" : 11.133114154539893,
    "sentKBytesPerSec" : 0.613235277064602
  }
}